{
  "metrics": {
    "train": {
      "accuracy": 0.8117178612059158,
      "precision_macro": 0.7904940577320787,
      "recall_macro": 0.7360796451302983,
      "f1_macro": 0.7575047109418684,
      "snr_mae": 8.131723403930664,
      "snr_mse": 104.71863555908203,
      "snr_r2": -0.06257152557373047,
      "avg_loss": 52.66801316397531
    },
    "validation": {
      "accuracy": 0.6976127320954907,
      "precision_macro": 0.6707911713490464,
      "recall_macro": 0.6387087760000268,
      "f1_macro": 0.564183240699729,
      "snr_mae": 8.393279075622559,
      "snr_mse": 113.09858703613281,
      "snr_r2": -0.07365620136260986,
      "avg_loss": 58.333683013916016
    },
    "best_val_loss": 46.96399116516113,
    "total_epochs": 27
  },
  "timestamp": "2025-10-28T10:39:50.131257"
}