{
  "metrics": {
    "train": {
      "accuracy": 0.9783845278725825,
      "precision_macro": 0.9274014855193076,
      "recall_macro": 0.985698664144698,
      "f1_macro": 0.9538340336134454,
      "snr_mae": 1.653165340423584,
      "snr_mse": 4.178839683532715,
      "snr_r2": 0.0,
      "avg_loss": 0.8727084950967269
    },
    "validation": {
      "accuracy": 0.9681697612732095,
      "precision_macro": 0.8983050847457628,
      "recall_macro": 0.9818181818181818,
      "f1_macro": 0.934136967155835,
      "snr_mae": 0.6371981501579285,
      "snr_mse": 0.49761122465133667,
      "snr_r2": 0.0,
      "avg_loss": 0.1308001590271791
    },
    "best_val_loss": 0.06597240796933572,
    "total_epochs": 85
  },
  "timestamp": "2025-11-03T00:23:29.735073"
}